-- Adminer 4.7.7 MySQL dump

SET NAMES utf8;
SET time_zone = '+00:00';
SET foreign_key_checks = 0;
SET sql_mode = 'NO_AUTO_VALUE_ON_ZERO';

USE `project`;

SET NAMES utf8mb4;

DROP TABLE IF EXISTS `aeroplane`;
CREATE TABLE `aeroplane` (
  `Plane_ID` char(6) NOT NULL,
  `Company` varchar(30) DEFAULT NULL,
  `Type` varchar(20) DEFAULT NULL,
  `Place_of_Departure` varchar(20) DEFAULT NULL,
  `Destination` varchar(20) DEFAULT NULL,
  `Time_of_Dep` time DEFAULT NULL,
  `Duration` time DEFAULT NULL,
  PRIMARY KEY (`Plane_ID`)
) ENGINE=InnoDB DEFAULT CHARSET=utf8mb4 COLLATE=utf8mb4_0900_ai_ci;

INSERT INTO `aeroplane` (`Plane_ID`, `Company`, `Type`, `Place_of_Departure`, `Destination`, `Time_of_Dep`, `Duration`) VALUES
('AA5545',  'American Airlines',  'Boeing', 'Chicago',  'Las Vegas',  '07:00:00', '06:00:00'),
('AA7182',  'American Airlines',  'Boeing', 'New York', 'Paris',  '07:00:00', '04:00:00'),
('AA8907',  'American Airlines',  'Boeing', 'New York', 'San Francisco',  '07:00:00', '06:35:00'),
('AC1034',  'Air Canada', 'Boeing', 'Ottawa', 'Chicago',  '07:00:00', '06:00:00'),
('AC1873',  'Air Canada', 'Boeing', 'Madrid', 'Ottawa', '07:00:00', '04:00:00'),
('AC5748',  'Air Canada', 'Boeing', 'Mumbai', 'Montreal', '07:00:00', '06:35:00'),
('AC8921',  'Air Canada', 'Boeing', 'Vancouver',  'Tokyo',  '07:00:00', '06:00:00'),
('AE3423',  'Air Europa', 'Boeing', 'Amsterdam',  'Madrid', '07:00:00', '04:00:00'),
('AE9203',  'Air Europa', 'Boeing', 'Berlin', 'Montreal', '08:00:00', '06:35:00'),
('AF6723',  'Aeroflot', 'Airbus', 'Moscow', 'Paris',  '08:00:00', '06:00:00'),
('AF8390',  'Aeroflot', 'Boeing', 'Moscow', 'Helsinki', '08:00:00', '04:00:00'),
('AF9567',  'Air France', 'Boeing', 'Rio',  'Paris',  '08:00:00', '06:35:00'),
('AI6564',  'Air India',  'Boeing', 'Kolkata',  'Hyderabad',  '08:00:00', '06:00:00'),
('AI7493',  'Air India',  'Boeing', 'Delhi',  'Frankfurt',  '08:00:00', '04:00:00'),
('AI7823',  'Air India',  'Boeing', 'New Delhi',  'Paris',  '08:00:00', '06:35:00'),
('AR1629',  'Air France', 'Boeing', 'Dubai',  'Paris',  '08:00:00', '06:00:00'),
('AR1947',  'Air France', 'Boeing', 'Cape Town',  'Paris',  '08:00:00', '04:00:00'),
('AS5678',  'Air Asia', 'Airbus', 'Beijing',  'Bali', '08:00:00', '06:35:00'),
('AX2032',  'Indian Airlines',  'Airbus', 'Chennai',  'Mumbai', '08:00:00', '06:00:00'),
('AX9087',  'Indian Airlines',  'Airbus', 'Kochi',  'Dubai',  '08:00:00', '04:00:00'),
('BA0567',  'British Airways',  'Boeing', 'Edinburgh',  'Montreal', '08:00:00', '06:35:00'),
('BA0923',  'British Airways',  'Airbus', 'Stockholm',  'Copenhagen', '08:00:00', '06:00:00'),
('BA8905',  'British Airways',  'Boeing', 'Edinburgh',  'Los Angeles',  '08:00:00', '04:00:00'),
('BA8906',  'British Airways',  'Boeing', 'Dubai',  'London', '08:00:00', '06:35:00'),
('CA0988',  'Carribean Airlines', 'Airbus', 'Barbedos', 'Montreal', '08:00:00', '06:00:00'),
('CP2097',  'Cathay Pacific', 'Boeing', 'Vancouver',  'Bali', '08:00:00', '04:00:00'),
('CP4523',  'Cathay Pacific', 'Boeing', 'Tokyo',  'Sydney', '08:00:00', '06:35:00'),
('CP8907',  'Cathay Pacific', 'Boeing', 'Mumbai', 'Shangai',  '08:00:00', '06:00:00'),
('EM4957',  'Emirates', 'Boeing', 'Dubai',  'Frankfurt',  '08:00:00', '04:00:00'),
('EM5478',  'Emirates', 'Boeing', 'Dubai',  'Paris',  '10:00:00', '06:35:00'),
('ER3404',  'Ethihad Airways',  'Boeing', 'Chennai',  'Dubai',  '10:00:00', '06:00:00'),
('FA3412',  'Finnair',  'Boeing', 'Helsinki', 'Stockholm',  '10:00:00', '04:00:00'),
('IA2093',  'Indonesian Airlines',  'Airbus', 'Singapore',  'Bali', '10:00:00', '06:35:00'),
('IA2463',  'Indonesian Airlines',  'Boeing', 'Sydney', 'Bali', '17:00:00', '06:00:00'),
('IA7868',  'Indonesian Airlines',  'Boeing', 'Chennai',  'Bali', '17:00:00', '04:00:00'),
('IN7806',  'Indigo', 'Airbus', 'Guwahati', 'Mumbai', '17:00:00', '06:35:00'),
('IN8907',  'Indigo', 'Airbus', 'Hyderabad',  'Banglore', '17:00:00', '06:00:00'),
('JA3987',  'Jet Airways',  'Airbus', 'Delhi',  'Kolkata',  '17:00:00', '04:00:00'),
('JF2634',  'Singapore Airlines', 'Boeing', 'Singapore',  'Chennai',  '17:00:00', '06:35:00'),
('JF4786',  'Singapore Airlines', 'Airbus', 'Kuala Lumpur', 'Singapore',  '18:00:00', '06:00:00'),
('LT1583',  'Lufthansa',  'Boeing', 'Berlin', 'Moscow', '18:00:00', '04:00:00'),
('LT1685',  'Lufthansa',  'Boeing', 'Hong Kong',  'Paris',  '18:00:00', '06:35:00'),
('LT1956',  'Lufthansa',  'Boeing', 'Chicago',  'Frankfurt',  '18:00:00', '06:00:00'),
('LT9089',  'Lufthansa',  'Airbus', 'Copenhagen', 'Amsterdam',  '18:00:00', '04:00:00'),
('QA9547',  'Qantas', 'Boeing', 'Fiji', 'Frankfurt',  '18:00:00', '06:35:00'),
('SA9403',  'SwissAir', 'Boeing', 'Geneva', 'Frankfurt',  '18:00:00', '06:00:00'),
('SJ0988',  'SpiceJet', 'Airbus', 'Kolkata',  'Mumbai', '18:00:00', '04:00:00'),
('SJ3468',  'SpiceJet', 'Airbus', 'Kanyakumari',  'Leh',  '19:30:00', '06:35:00'),
('TA1097',  'Thai Airways', 'Airbus', 'Singapore',  'Bali', '19:30:00', '06:00:00'),
('WJ0012',  'WestJet',  'Airbus', 'Las Vegas',  'Vancouver',  '19:30:00', '04:00:00'),
('WJ9568',  'WestJet',  'Boeing', 'Los Angeles',  'Montreal', '19:30:00', '06:35:00');

DROP TABLE IF EXISTS `aeroplane_cost`;
CREATE TABLE `aeroplane_cost` (
  `Plane_ID` char(6) DEFAULT NULL,
  `Class` varchar(15) DEFAULT NULL,
  `Cost` int DEFAULT NULL,
  KEY `Plane_ID` (`Plane_ID`),
  CONSTRAINT `aeroplane_cost_ibfk_1` FOREIGN KEY (`Plane_ID`) REFERENCES `aeroplane` (`Plane_ID`)
) ENGINE=InnoDB DEFAULT CHARSET=utf8mb4 COLLATE=utf8mb4_0900_ai_ci;

INSERT INTO `aeroplane_cost` (`Plane_ID`, `Class`, `Cost`) VALUES
('AX2032',  'Business', 8700),
('AX2032',  'Premium Economy',  7000),
('AX2032',  'Economy',  5800),
('ER3404',  'Business', 23000),
('ER3404',  'Premium Economy',  20000),
('ER3404',  'Economy',  16700),
('BA8906',  'Business', 32000),
('BA8906',  'Premium Economy',  29000),
('BA8906',  'Economy',  25500),
('SJ0988',  'Business', 8600),
('SJ0988',  'Premium Economy',  7200),
('SJ0988',  'Economy',  6000),
('JF2634',  'Business', 32000),
('JF2634',  'Premium Economy',  29000),
('JF2634',  'Economy',  26500),
('JF4786',  'Business', 15000),
('JF4786',  'Premium Economy',  12000),
('JF4786',  'Economy',  9500),
('IN7806',  'Business', 7400),
('IN7806',  'Premium Economy',  5800),
('IN7806',  'Economy',  4000),
('SJ3468',  'Business', 10300),
('SJ3468',  'Premium Economy',  9000),
('SJ3468',  'Economy',  7500),
('BA8905',  'Business', 35000),
('BA8905',  'Premium Economy',  32500),
('BA8905',  'Economy',  30000),
('AA8907',  'Business', 16000),
('AA8907',  'Premium Economy',  14500),
('AA8907',  'Economy',  13000),
('CP8907',  'Business', 20000),
('CP8907',  'Premium Economy',  17000),
('CP8907',  'Economy',  15000),
('AX9087',  'Business', 15400),
('AX9087',  'Premium Economy',  14000),
('AX9087',  'Economy',  12500),
('LT1583',  'Business', 25500),
('LT1583',  'Premium Economy',  24200),
('LT1583',  'Economy',  23132),
('AF8390',  'Business', 31999),
('AF8390',  'Premium Economy',  29998),
('AF8390',  'Economy',  26999),
('JA3987',  'Business', 7300),
('JA3987',  'Premium Economy',  6500),
('JA3987',  'Economy',  5000),
('IN8907',  'Business', 4500),
('IN8907',  'Premium Economy',  3700),
('IN8907',  'Economy',  2900),
('FA3412',  'Business', 5700),
('FA3412',  'Premium Economy',  4800),
('FA3412',  'Economy',  4000),
('BA0923',  'Business', 4799),
('BA0923',  'Premium Economy',  3999),
('BA0923',  'Economy',  3299),
('LT9089',  'Business', 6300),
('LT9089',  'Premium Economy',  5600),
('LT9089',  'Economy',  4700),
('AE3423',  'Business', 4900),
('AE3423',  'Premium Economy',  4400),
('AE3423',  'Economy',  3900),
('AC1873',  'Business', 37000),
('AC1873',  'Premium Economy',  34000),
('AC1873',  'Economy',  31000),
('AC1034',  'Business', 11000),
('AC1034',  'Premium Economy',  9400),
('AC1034',  'Economy',  8000),
('AA5545',  'Business', 6500),
('AA5545',  'Premium Economy',  5600),
('AA5545',  'Economy',  4900),
('WJ0012',  'Business', 6700),
('WJ0012',  'Premium Economy',  5800),
('WJ0012',  'Economy',  5000),
('AC8921',  'Business', 40000),
('AC8921',  'Premium Economy',  38400),
('AC8921',  'Economy',  35000),
('CP4523',  'Business', 150000),
('CP4523',  'Premium Economy',  136000),
('CP4523',  'Economy',  129000),
('EM5478',  'Business', 27000),
('EM5478',  'Premium Economy',  25500),
('EM5478',  'Economy',  24000),
('AI6564',  'Business', 15000),
('AI6564',  'Premium Economy',  10000),
('AI6564',  'Economy',  7000),
('AA7182',  'Economy',  7000),
('AC5748',  'Economy',  7000),
('AE9203',  'Economy',  7000),
('AF6723',  'Economy',  7000),
('AF9567',  'Economy',  7000),
('AI7493',  'Economy',  7000),
('AI7823',  'Economy',  7000),
('AR1629',  'Economy',  7000),
('AR1947',  'Economy',  7000),
('AS5678',  'Economy',  7000),
('BA0567',  'Economy',  7000),
('CA0988',  'Economy',  7000),
('CP2097',  'Economy',  7000),
('EM4957',  'Economy',  7000),
('IA2093',  'Economy',  7000),
('IA2463',  'Economy',  7000),
('IA7868',  'Economy',  7000),
('LT1685',  'Economy',  7000),
('LT1956',  'Economy',  7000),
('QA9547',  'Economy',  7000),
('SA9403',  'Economy',  7000),
('TA1097',  'Economy',  7000),
('WJ9568',  'Economy',  7000),
('AA7182',  'Premium Economy',  136000),
('AC5748',  'Premium Economy',  136000),
('AE9203',  'Premium Economy',  136000),
('AF6723',  'Premium Economy',  136000),
('AF9567',  'Premium Economy',  136000),
('AI7493',  'Premium Economy',  136000),
('AI7823',  'Premium Economy',  136000),
('AR1629',  'Premium Economy',  136000),
('AR1947',  'Premium Economy',  136000),
('AS5678',  'Premium Economy',  136000),
('BA0567',  'Premium Economy',  136000),
('CA0988',  'Premium Economy',  136000),
('CP2097',  'Premium Economy',  136000),
('EM4957',  'Premium Economy',  136000),
('IA2093',  'Premium Economy',  136000),
('IA2463',  'Premium Economy',  136000),
('IA7868',  'Premium Economy',  136000),
('LT1685',  'Premium Economy',  136000),
('LT1956',  'Premium Economy',  136000),
('QA9547',  'Premium Economy',  136000),
('SA9403',  'Premium Economy',  136000),
('TA1097',  'Premium Economy',  136000),
('WJ9568',  'Premium Economy',  136000),
('AA7182',  'Business', 40000),
('AC5748',  'Business', 40000),
('AE9203',  'Business', 40000),
('AF6723',  'Business', 40000),
('AF9567',  'Business', 40000),
('AI7493',  'Business', 40000),
('AI7823',  'Business', 40000),
('AR1629',  'Business', 40000),
('AR1947',  'Business', 40000),
('AS5678',  'Business', 40000),
('BA0567',  'Business', 40000),
('CA0988',  'Business', 40000),
('CP2097',  'Business', 40000),
('EM4957',  'Business', 40000),
('IA2093',  'Business', 40000),
('IA2463',  'Business', 40000),
('IA7868',  'Business', 40000),
('LT1685',  'Business', 40000),
('LT1956',  'Business', 40000),
('QA9547',  'Business', 40000),
('SA9403',  'Business', 40000),
('TA1097',  'Business', 40000),
('WJ9568',  'Business', 40000);

DROP TABLE IF EXISTS `booking`;
CREATE TABLE `booking` (
  `Bookedby` varchar(30) NOT NULL,
  `BookingID` bigint DEFAULT NULL,
  `Date_of_Booking` date DEFAULT NULL,
  `cost` bigint DEFAULT NULL,
  `email_ID` varchar(30) DEFAULT NULL,
  `mobile` varchar(20) DEFAULT NULL
) ENGINE=InnoDB DEFAULT CHARSET=utf8mb4 COLLATE=utf8mb4_0900_ai_ci;

INSERT INTO `booking` (`Bookedby`, `BookingID`, `Date_of_Booking`, `cost`, `email_ID`, `mobile`) VALUES
('Ram Kumar', 7608491851, '2021-02-27', 8400, 'RamShankar@gmail.com', '9087654654'),
('Ram Kumar', 7849287410, '2021-02-27', 8400, 'RamShankar@gmail.com', '9087654654'),
('Ram Kumar', 1451333120, '2021-02-27', 8400, 'RamShankar@gmail.com', '9087654654'),
('Ram Kumar', 2024326798, '2021-02-27', 9750, 'RamShankar@gmail.com', '9087654654');

DROP TABLE IF EXISTS `cust_info`;
CREATE TABLE `cust_info` (
  `Name` varchar(30) DEFAULT NULL,
  `Passport_No` bigint DEFAULT NULL,
  `Gender` char(1) DEFAULT NULL,
  `Age` varchar(10) DEFAULT NULL,
  `Travel_ID` varchar(10) NOT NULL,
  `meal_pref` varchar(10) DEFAULT NULL,
  `Plane_ID` char(6) DEFAULT NULL,
  `Date_of_Dep` date DEFAULT NULL,
  `Time_of_Dep` time DEFAULT NULL,
  `BookingID` bigint DEFAULT NULL,
  `Class` varchar(15) DEFAULT NULL,
  `Adult` varchar(10) DEFAULT NULL,
  `place_of_dep` varchar(20) DEFAULT NULL,
  `place_of_arr` varchar(20) DEFAULT NULL,
  PRIMARY KEY (`Travel_ID`)
) ENGINE=InnoDB DEFAULT CHARSET=utf8mb4 COLLATE=utf8mb4_0900_ai_ci;

INSERT INTO `cust_info` (`Name`, `Passport_No`, `Gender`, `Age`, `Travel_ID`, `meal_pref`, `Plane_ID`, `Date_of_Dep`, `Time_of_Dep`, `BookingID`, `Class`, `Adult`, `place_of_dep`, `place_of_arr`) VALUES
('Ram ',  123423421345, 'M',  '30', 'A0118',  'Veg',  'AA5545', '2021-03-16', '07:00:00', 7608491851, 'Premium Economy',  'Adult',  'Las Vegas',  'Chicago'),
('Shankar', 98987657867,  'M',  '8',  'A0119',  'Veg',  'AA5545', '2021-03-16', '07:00:00', 7608491851, 'Premium Economy',  'Child',  'Las Vegas',  'Chicago'),
('Aravind', 768657786352, 'M',  '1',  'A0120',  'None', 'AA5545', '2021-03-16', '07:00:00', 7608491851, 'Premium Economy',  'Infant', 'Las Vegas',  'Chicago'),
('Ram ',  123423421345, 'M',  '30', 'A0121',  'Veg',  'AA5545', '2021-03-16', '07:00:00', 7849287410, 'Premium Economy',  'Adult',  'Las Vegas',  'Chicago'),
('Shankar', 98987657867,  'M',  '8',  'A0122',  'Veg',  'AA5545', '2021-03-16', '07:00:00', 7849287410, 'Premium Economy',  'Child',  'Las Vegas',  'Chicago'),
('Aravind', 768657786352, 'M',  '1',  'A0123',  'None', 'AA5545', '2021-03-16', '07:00:00', 7849287410, 'Premium Economy',  'Infant', 'Las Vegas',  'Chicago'),
('Ram ',  123423421345, 'M',  '30', 'A0124',  'Veg',  'AA5545', '2021-03-16', '07:00:00', 1451333120, 'Premium Economy',  'Adult',  'Las Vegas',  'Chicago'),
('Shankar', 98987657867,  'M',  '8',  'A0125',  'Veg',  'AA5545', '2021-03-16', '07:00:00', 1451333120, 'Premium Economy',  'Child',  'Las Vegas',  'Chicago'),
('Aravind', 768657786352, 'M',  '1',  'A0126',  'None', 'AA5545', '2021-03-16', '07:00:00', 1451333120, 'Premium Economy',  'Infant', 'Las Vegas',  'Chicago'),
('Ram ',  123423421345, 'M',  '30', 'A0127',  'Veg',  'AA5545', '2021-03-16', '07:00:00', 2024326798, 'Business', 'Adult',  'Las Vegas',  'Chicago'),
('Shankar', 98987657867,  'M',  '8',  'A0128',  'Veg',  'AA5545', '2021-03-16', '07:00:00', 2024326798, 'Business', 'Child',  'Las Vegas',  'Chicago'),
('Aravind', 768657786352, 'M',  '1',  'A0129',  'None', 'AA5545', '2021-03-16', '07:00:00', 2024326798, 'Business', 'Infant', 'Las Vegas',  'Chicago');

-- 2021-02-27 12:09:45